{
    "materials":[{
        "depthWrite":true,
        "shading":"phong",
        "wireframe":false,
        "visible":true,
        "colorDiffuse":[0,0.005139,0.8],
        "DbgIndex":0,
        "specularCoef":50,
        "DbgName":"Material",
        "opacity":0.1,
        "colorSpecular":[0.5,0.5,0.5],
        "blending":"NormalBlending",
        "transparent":true,
        "doubleSided":false,
        "depthTest":true,
        "colorEmissive":[0,0.005139,0.8],
        "DbgColor":15658734
    }],
    "vertices":[-1,0,0.16097,-42.6479,63.735,6.86502,-1,0,-0.16097,-42.6479,63.735,-6.86503,1,0,0.16097,42.6479,63.735,6.86502,1,0,-0.16097,42.6479,63.735,-6.86503],
    "metadata":{
        "version":3,
        "materials":1,
        "vertices":8,
        "generator":"io_three",
        "uvs":0,
        "faces":6,
        "normals":6,
        "type":"Geometry"
    },
    "uvs":[],
    "faces":[35,0,1,3,2,0,0,0,0,0,35,2,3,7,6,0,1,1,1,1,35,6,7,5,4,0,2,2,2,2,35,1,0,4,5,0,3,3,3,3,35,4,0,2,6,0,4,4,4,4,35,7,3,1,5,0,5,5,5,5],
    "normals":[-0.83712,-0.54702,0,0,-0.104609,-0.994513,0.83712,-0.54702,0,0,-0.104609,0.994513,0,-1,0,0,1,0]
}